{
    "authors": [
        {
            "email": null, 
            "url": "https://os.mbed.com/users/yamaguch/", 
            "maintainer": false, 
            "name": "Hiroshi Yamaguchi"
        }
    ], 
    "description": "Strawberry Linux LCD module interface", 
    "examples": [
        "https://os.mbed.com/users/yamaguch/code/LCDExample/"
    ], 
    "frameworks": [
        "mbed"
    ], 
    "keywords": [
        "i2c", 
        "lcd"
    ], 
    "name": "LCD", 
    "platforms": [
        "atmelsam", 
        "freescalekinetis", 
        "maxim32", 
        "nordicnrf51", 
        "nordicnrf52", 
        "nxplpc", 
        "siliconlabsefm32", 
        "ststm32", 
        "teensy", 
        "wiznet7500"
    ], 
    "repository": {
        "type": "hg", 
        "url": "https://os.mbed.com/users/yamaguch/code/LCD/"
    }, 
    "version": "b3def1d4f4", 
    "id": 2439
}