{
  "execPath": "C:/.platformio/packages/toolchain-atmelavr/bin/avr-g++.exe",
  "gccDefaultCFlags": "-fsyntax-only -std=gnu11 -fno-fat-lto-objects -Os -Wall -ffunction-sections -fdata-sections -flto -mmcu=atmega328p -DPLATFORMIO=30607 -DARDUINO_AVR_UNO -DF_CPU=16000000L -DARDUINO_ARCH_AVR -DARDUINO=10805 -D__AVR_ATmega328P__",
  "gccDefaultCppFlags": "-fsyntax-only -fno-exceptions -fno-threadsafe-statics -fpermissive -std=gnu++11 -Os -Wall -ffunction-sections -fdata-sections -flto -mmcu=atmega328p -DPLATFORMIO=30607 -DARDUINO_AVR_UNO -DF_CPU=16000000L -DARDUINO_ARCH_AVR -DARDUINO=10805 -D__AVR_ATmega328P__",
  "gccErrorLimit": 15,
  "gccIncludePaths": "C:/.platformio/packages/framework-arduinoavr/cores/arduino,C:/.platformio/packages/framework-arduinoavr/variants/standard,C:/.platformio/lib/Keypad_ID165/src,C:/.platformio/lib/LiquidCrystal_ID887/src,C:/.platformio/lib/ArduinoJson_ID64/src,C:/.platformio/lib/ESP8266RestClient_ID303,C:/.platformio/lib/PubSubClient_ID89/src,C:/.platformio/packages/framework-arduinoavr/libraries/__cores__/arduino/EEPROM/src,C:/.platformio/packages/framework-arduinoavr/libraries/__cores__/arduino/HID/src,C:/.platformio/packages/framework-arduinoavr/libraries/__cores__/arduino/SPI/src,C:/.platformio/packages/framework-arduinoavr/libraries/__cores__/arduino/SoftwareSerial/src,C:/.platformio/packages/framework-arduinoavr/libraries/__cores__/arduino/Wire/src,C:/.platformio/packages/toolchain-atmelavr/avr/include,C:/.platformio/packages/toolchain-atmelavr/lib/gcc/avr/5.4.0/include,C:/.platformio/packages/toolchain-atmelavr/lib/gcc/avr/5.4.0/include-fixed,C:/.platformio/packages/tool-unity,C:/Users/Simón Juan Rodríguez/Documents/PlatformIO/Projects/TecladoyLCD/include,C:/Users/Simón Juan Rodríguez/Documents/PlatformIO/Projects/TecladoyLCD/src",
  "gccSuppressWarnings": false
}
